id,created_at,coordinates,retweets,favorite_count,source,text
820016447552360449,2017-01-13 21:15:30,,36,178,TweetDeck,You know where I stand on Obamacare - this law is deeply flawed.  Check out my video message explaining today's vote https://t.co/5EaGWo6Lov
819969236567289857,2017-01-13 18:07:54,,1,4,TweetDeck,"As #CNY moves forward with the I-81 rebuild, I'm honored to be able to continue serving on @Transport -- https://t.co/ios8tZxF49"
818832024970461185,2017-01-10 14:49:02,,10,0,Twitter Web Client,RT @RobertHarding: Interior secretary formally establishes Harriet Tubman national park in Auburn https://t.co/DYoEmQlgBq
818831736251543553,2017-01-10 14:47:53,,7,21,Twitter for iPhone,Honored to take part in this morning's ceremony officially establishing the Harriet Tubman Home in Auburn as a Nat'… https://t.co/DMRQPkq5zh
818544788391731202,2017-01-09 19:47:40,,2,11,TweetDeck,Thank you to the brave men &amp; women in uniform in #NY24 and nationwide who sacrifice to keep us safe every day… https://t.co/5nLWVcCMN4
817466977300205569,2017-01-06 20:24:49,,8,0,Twitter Web Client,RT @MarkWeinerDC: Interior Secretary Sally Jewell to sign deal making Tubman home a national park https://t.co/oUCicin6Yw
817110407701733376,2017-01-05 20:47:57,,6,0,Twitter for iPhone,RT @OnondagaCounty: Now accepting nominations for the 2017 Senior Citizen of the Year! For more info check out: https://t.co/cWmYiSRpag htt…
817103587620900865,2017-01-05 20:20:50,,6,10,TweetDeck,Check out the 1st bill I reintro'd in 115th Congress.  Determined to help make @fort_ontario a Nat'l Park --… https://t.co/o5vMRHY71m
816641524121436160,2017-01-04 13:44:46,,4,0,TweetDeck,RT @The_Citizen: .@RepJohnKatko reintroduces bill in new Congress to study national park status for Fort Ontario https://t.co/TTwDxvMLyI (b…
816340605718691841,2017-01-03 17:49:01,,2,9,Twitter for iPhone,Checking in with @NewsChannel9 @AndrewDonovan on priorities for the start of a new term in Congress #CNY #NY24 https://t.co/dDHCTyhnaG
815977866039009280,2017-01-02 17:47:38,,3,0,TweetDeck,RT @WRVOnews: .@RepJohnKatko says his second term representing the 24th Congressional District will be different from his first. https://t.…
809814538887512064,2016-12-16 17:36:46,,4,0,Twitter for iPhone,RT @RobertHarding: .@RepJohnKatko to state DOT: Answer community questions about I-81 project in Syracuse https://t.co/VzjHWjHo75
809429674766041088,2016-12-15 16:07:27,,2,0,TweetDeck,RT @RobertHarding: President Obama has signed the Northern Border Security Review Act. @RepJohnKatko sponsored the bill in the House. #NY24
806544298271510528,2016-12-07 17:02:00,,5,0,TweetDeck,RT @RepMcSally: Speaking about the greatest threats to homeland security with @HurdOnTheHill &amp; @RepJohnKatko at @Heritage #SOHSA w/ chairma…
806164919326560258,2016-12-06 15:54:29,,2,4,TweetDeck,Spoke on the floor to honor 100th bday of #Syracuse icon &amp; literacy pioneer Ruth Colvin - https://t.co/c8viftbPts @ProLiteracy
805098872540372992,2016-12-03 17:18:23,,63,0,Twitter Web Client,RT @SpeakerRyan: The Northern Border Security Review Act requires the government to analyze &amp; address current &amp; potential threats along our…
804055186151002113,2016-11-30 20:11:09,,2,0,Twitter for iPhone,RT @RobertHarding: Congress gives final approval to @RepJohnKatko's northern security threat assessment bill: https://t.co/j3ofGlDBPN #NY24
803254801672835072,2016-11-28 15:10:43,,2,5,Twitter for iPhone,Enjoyed playing hockey with @_cityofauburn Fire Department this weekend to support the Muscular Dystrophy Associati… https://t.co/lVvl06VSPu
802608457534705664,2016-11-26 20:22:22,,4,12,TweetDeck,Supporting our local Auburn businesses today like @3leaftea #SmallBusinessSaturday #shopsmall https://t.co/jEuxXTKELD
801953521084014592,2016-11-25 00:59:53,,3,23,Twitter for iPhone,#HappyThanksgiving from our family to yours! https://t.co/LfzRuoKkWG
799682114367131648,2016-11-18 18:34:08,,1,0,TweetDeck,"RT @BenKail: Families, children, judges of the 5th District &amp; @RepJohnKatko recite the Pledge of Allegiance as part of #NationalAdoptionDay…"
799652721569710080,2016-11-18 16:37:20,,8,19,Twitter for iPhone,Heartwarming @OnondagaCounty #NationalAdoptionDay ceremony this morning celebrating all the families making adoptio… https://t.co/1ZEt713HQ5
799435866691211264,2016-11-18 02:15:38,,2,0,TweetDeck,"RT @RescueMission: ""Visit the Rescue Mission. It gives you a sense of hope about the community. "" - @RepJohnKatko #HopeAwards https://t.co/…"
799377869893877760,2016-11-17 22:25:10,,3,0,TweetDeck,RT @RobertHarding: .@RepJohnKatko on NY Public Service Commission's approval of FitzPatrick transfer: https://t.co/D815jokCTG
799018340241068039,2016-11-16 22:36:32,,2,0,TweetDeck,"RT @RobertHarding: .@RepJohnKatko in Washington: Aviation security, desire to travel linked https://t.co/SDqW7l5jzm #NY24"
798625296593354752,2016-11-15 20:34:43,,6,0,TweetDeck,RT @HouseHomeland: WATCH: @RepJohnKatko &amp; @USRepKeating discuss the future of #AviationSecurity tomorrow @RollCall @USTravel event. https:/…
797149958931677186,2016-11-11 18:52:15,,7,22,Twitter for iPhone,Honored this #VeteransDay to present medals long overdue to four #CNY vets &amp; their families https://t.co/ZCO7xpAFVY
786671557703823360,2016-10-13 20:54:49,,5,0,TweetDeck,RT @McKinleyEle: Thank you to @RepJohnKatko for kicking off the partnership between @BBBSA and @BNYMellon benefiting our scholars! #SCSDGo4…
786335018322976772,2016-10-12 22:37:32,,6,0,TweetDeck,RT @MarkWeinerDC: Vote analysis: @RepJohnKatko ranks as 8th most independent Republican in Congress https://t.co/c8YLHJ9Zg3 #NY24
784134728681218048,2016-10-06 20:54:22,,1,0,Twitter Web Client,RT @RobertHarding: Rep. John Katko: Feds to begin reviewing transfer of Oswego County nuclear power plant: A federal commission ... https:/…
784119002343829504,2016-10-06 19:51:53,,3,0,TweetDeck,"RT @MarkWeinerDC: .@RepJohnKatko: I-81 decision must include residents of DeWitt, Skaneateles, Auburn https://t.co/DjsfxgsHNl #NY24"
784097981872082945,2016-10-06 18:28:21,,16,26,Twitter for iPhone,Honored to be named Best Respected Local Politician by @SyrNewTimes! Thank you! https://t.co/1s90MvyW6z
783682383170113536,2016-10-05 14:56:54,,3,0,Twitter for iPhone,RT @NAMINEWYORK: Thank you @RepJohnKatko for your commitment to #Act4MentalHealth #HopeStartsWithYou #MIAW2016 https://t.co/ojVZMFYboI
783661693650006016,2016-10-05 13:34:42,,4,0,TweetDeck,"RT @BrentScher: .@RepJohnKatko attributes legislative success in first term to independent thinking, bipartisan strategy
https://t.co/HnerA…"
780821712917102592,2016-09-27 17:29:37,,1,0,TweetDeck,"RT @The_Citizen: .@RepJohnKatko's bill in package passed by House to crack down on 'K2,' more synthetic drugs https://t.co/3xAqVtIZSi (by @…"
780761852041105409,2016-09-27 13:31:46,,2,7,TweetDeck,Bipartisan legislation I authored to combat the synthetic drug epidemic in #CNY has passed the House -- https://t.co/bBkqLyNsI5
780063315980591105,2016-09-25 15:16:02,,8,18,Twitter for iPhone,Beautiful morning for the Down Syndrome assn of CNY annual #BuddyWalk! @ndssbuddywalk https://t.co/FWKuiIEffy
778355583854391296,2016-09-20 22:10:06,,16,0,Twitter Web Client,RT @HouseHomeland: .@RepMcCaul’s #CTstrategy contains 100+ policy ideas and principles for fighting terrorism. https://t.co/7WKH2JdFMp http…
778346501231800320,2016-09-20 21:34:01,,2,0,Twitter for iPhone,RT @RobertHarding: .@RepJohnKatko to feds: Approve transfer of Oswego County nuclear power plant https://t.co/nKsYLjPUyf #NY24
776393956384993281,2016-09-15 12:15:18,,3,0,Twitter Web Client,RT @RobertHarding: Rep. John Katko: TSA misled public on whether U.S. air marshals would be on Cuban flights: U.S. Rep. John Kat... https:/…
774241552789082113,2016-09-09 13:42:25,,3,0,TweetDeck,RT @The_Citizen: .@RepJohnKatko wants ban on chemicals used to produce synthetic drugs https://t.co/gmLIXcl7aS (by @robertharding) #NY24
773332876410650624,2016-09-07 01:31:40,,8,0,Twitter for iPhone,RT @MarkWeinerDC: House takes step toward designating Oswego's Fort Ontario a national park https://t.co/l2xTawnIY6 #SafeHaven #NY24
771069306708844544,2016-08-31 19:37:03,,2,0,TweetDeck,RT @RobertHarding: .@RepJohnKatko: Security concerns remain as U.S. commercial flights to Cuba resume https://t.co/wHZUJcfHRP #NY24
769267697402126337,2016-08-26 20:18:06,,10,0,TweetDeck,RT @joshTWCNews: .@RepJohnKatko shows off his ultra-patriotic socks today at the @NYSFair https://t.co/FVHCMwN6DH
768807130417815553,2016-08-25 13:47:58,,4,0,Twitter Web Client,"RT @Galsonlabs: Thanks for helping us unload our shipment this morning, @RepJohnKatko!! Enjoy the rest of your UPS ride-a-long. https://t.c…"
766621852689137664,2016-08-19 13:04:27,,3,0,TweetDeck,RT @WRVOnews: .@RepJohnKatko is concerned about the connection between human trafficking and gangs in #CNY. More: https://t.co/tyvCeZs895
766338598354448384,2016-08-18 18:18:54,,4,4,Twitter Web Client,Productive local threat rtable @mcmahonryancac w #CNY law enforcement &amp; stakeholders on drug &amp; human trafficking https://t.co/R2v2nn69Gd
766264330560139264,2016-08-18 13:23:47,,3,0,TweetDeck,RT @RobertHarding: .@RepJohnKatko is hosting a national security and local threat roundtable today in Syracuse. #NY24
763819066624729088,2016-08-11 19:27:11,,1,3,TweetDeck,Honored to recognize @WayneSheriff Dpty Pagnotti efforts to ensure safety of #WayneCounty - https://t.co/mygnRrX2mc https://t.co/EpwtrGCkod
763095138310717440,2016-08-09 19:30:33,,4,7,Twitter for iPhone,At Dr. King @SyracuseSchools Summer Meal Program today continuing efforts to combat #summerhunger https://t.co/V9izcYB1FI
762776603969683457,2016-08-08 22:24:48,,3,7,Twitter Web Client,"ICYMI-visit w #CNY students, teachers @FoodBankofCNY to focus on combating #summerhunger https://t.co/OQayvtxHZG https://t.co/zYBlKG804J"
762731566556651520,2016-08-08 19:25:50,,3,0,TweetDeck,RT @RobertHarding: .@RepJohnKatko reiterates support for summer meal reform to reduce childhood hunger in CNY https://t.co/gW5VKhfk0T #NY24
762703219743129600,2016-08-08 17:33:12,,3,7,TweetDeck,Highlighting the great work of @FoodBankofCNY &amp; grave need to combat #summerhunger at Huntington Family Center today https://t.co/ATXWs8qMJu
762686927871049729,2016-08-08 16:28:28,,5,0,Twitter for iPhone,RT @FoodBankofCNY: @RepJohnKatko visited one of our summer feeding sites raising awareness &amp; support to fight #summerhunger https://t.co/Z8…
761204537868902400,2016-08-04 14:17:58,,2,0,TweetDeck,RT @The_Citizen: .@RepJohnKatko slams secret $400M 'ransom' payment made by U.S. to Iran https://t.co/rXxUWCzKBq (by @robertharding) #NY24
758436056450658304,2016-07-27 22:57:01,,7,0,TweetDeck,RT @BenKail: Several leaders incl. @RepJohnKatko @BarlowforMayor celebrate completion of @USACE_Buffalo #Oswego Harbor dredging. https://t.…
755403674344681472,2016-07-19 14:07:25,,2,0,TweetDeck,"RT @The_Citizen: Obama signs aviation bill, including three security measures sponsored by @RepJohnKatko  https://t.co/PYaH82DSF0 (by @robe…"
754344124279558144,2016-07-16 15:57:08,,3,0,TweetDeck,"RT @RobertHarding: .@RepJohnKatko, Cayuga County advocates celebrate passage of bill to combat heroin epidemic https://t.co/SL2UlFPwgh #NY24"
754078316412502018,2016-07-15 22:20:55,,32,0,Twitter for iPhone,RT @SpeakerRyan: Great work by the @Transport &amp; @HouseHomeland committees to pass this needed #FAA extension. https://t.co/yNchal0Mmk https…
753982500876189696,2016-07-15 16:00:11,,3,0,Twitter for iPhone,RT @CrouseHospital: 'This is an American problem': @RepJohnKatko on the #opioid epidemic. We thank him for his efforts &amp; support. https://t…
753976722572374016,2016-07-15 15:37:13,,2,3,Twitter for iPhone,With CNY parents @OnondagaSheriff @CrouseHospital @PrevNetwork  highlighting #CARA passage to combat heroin epidemic https://t.co/h28hWoXirY
753235679614754816,2016-07-13 14:32:35,,5,0,TweetDeck,"RT @HouseHomeland: Due to security concerns at Cuban airports, @RepJohnKatko @RepMcCaul @RepRichHudson @RepCuellar introduced bill to pause…"
752906664274227202,2016-07-12 16:45:11,,4,0,Twitter Web Client,RT @MarkWeinerDC: Rep. John Katko leads GOP effort to ground U.S. air travel with #Cuba https://t.co/8s6SeTjJg4
751131077935267840,2016-07-07 19:09:38,,2,0,TweetDeck,RT @RobertHarding: .@RepJohnKatko: Is TSA using security classifications to duck 'unpleasant' public discussions? https://t.co/FSa333OFAN #…
748606375954104321,2016-06-30 19:57:23,,3,0,Twitter for iPhone,RT @RyanNYFranklin: .@RepJohnKatko announced today the approval of a recon study for Ft Ontario and Safe Haven Holocaust Refugee Shelter ht…
748591983837347840,2016-06-30 19:00:11,,1,0,Twitter for iPhone,RT @RobertHarding: .@RepJohnKatko: Feds to study whether Fort Ontario in Oswego should be a national park https://t.co/4KPJwhsdYH
746385749906497536,2016-06-24 16:53:24,,5,0,TweetDeck,RT @MarkWeinerDC: Breaking: #Cuba blocks visit from @RepJohnKatko and U.S. congressional delegation https://t.co/Z9Ra8mzZpe #NY24
744564430567006208,2016-06-19 16:16:08,,2,20,Twitter for iPhone,Blessed to be the father of three wonderful sons. Happy #FathersDay! https://t.co/TD1Cx0bcAe
744558890742915072,2016-06-19 15:54:07,,87,0,Twitter for iPhone,RT @RepComstock: Kicked off #VA10 Young Women Leadership Program today at the U.S. Capitol with over 350 young women. @melisrichmond https:…
742739787845623808,2016-06-14 15:25:39,,5,0,TweetDeck,RT @RobertHarding: .@RepJohnKatko: Orlando terrorist attack shows threat of ISIS is real https://t.co/ZWOOLsCY4b #NY24
742427037231636480,2016-06-13 18:42:53,,2,0,TweetDeck,"RT @WAERNews: Town of Onondaga World War II Veteran gets Medal from 1944 Capture by Germans https://t.co/ZuEMq1kJCC 
@waer883 @repjohnkatko"
740962927398772737,2016-06-09 17:45:02,,1,0,TweetDeck,RT @MarkWeinerDC: Rep. John Katko pays tribute to Blue Angels pilot (video) | https://t.co/xCC4JWw88J https://t.co/OrqJPV0gTB #NY24 #BlueAn…
740525490096734208,2016-06-08 12:46:49,,5,0,Twitter for iPhone,"RT @HouseHomeland: .@RepJohnKatko bill passed the House yesterday to reduce #TSAlines, expand @TSA's PreCheck program, and make checkpoints…"
740286762346545152,2016-06-07 20:58:12,,2,0,TweetDeck,RT @MarkWeinerDC: House passes @RepJohnKatko TSA bill to reduce airport wait times | https://t.co/syTpkcJ0MI #NY24 #TSA
740264854481686531,2016-06-07 19:31:09,,4,0,TweetDeck,RT @RobertHarding: The House will vote today on a bill sponsored by @RepJohnKatko. Details here: https://t.co/bHrlyPD413
736213764069031936,2016-05-27 15:13:34,,17,0,Twitter for iPhone,RT @SpeakerRyan: I hope the Senate will act on it soon on @RepJohnKatko's bill to expand the use of #TSAPreCheck. More info here: https://t…
736198243818872832,2016-05-27 14:11:53,,82,0,Twitter for iPhone,"RT @SpeakerRyan: Lines at our airports are too long—that's why the House passed a bill to expand the use of #TSAPreCheck.
https://t.co/f6hm…"
735857739927322624,2016-05-26 15:38:51,,3,0,TweetDeck,RT @MarkWeinerDC: Syracuse airport boss tells Congress that TSA Pre-Check reduced long lines | https://t.co/OxLy4oDoKL #TSA #TSAlines
735851330175139840,2016-05-26 15:13:23,,2,5,TweetDeck,Thx @SyracuseAirport Exec Director Christina Callahan for joining us @HouseHomeland TS subcmte hearing on #TSAlines https://t.co/3WnBoB8Cdn
735818588079149056,2016-05-26 13:03:16,,3,0,TweetDeck,"RT @HouseHomeland: LIVE: Long Lines, Short Patience: Local Perspectives. @RepJohnKatko to chair hearing on #TSAlines &amp; wait times.  https:/…"
735561560232448001,2016-05-25 20:01:56,,0,6,TweetDeck,"We're one step closer to making @fort_ontario &amp; Safe Haven in #Oswego a national park!
https://t.co/2FuHpR9YBI"
732352941403865088,2016-05-16 23:32:02,,4,0,Twitter for iPhone,RT @HouseHomeland: House passes @RepJohnKatko's bill to coordinate counterterrorism efforts—a key recommendation from the Task Force. https…
732215549195882496,2016-05-16 14:26:05,,3,0,TweetDeck,RT @RobertHarding: Tonight: The House will vote on another bill sponsored by @RepJohnKatko. It will be his 11th approved by the House. #NY24
730959349032460288,2016-05-13 03:14:24,,2,0,Twitter for iPhone,RT @RobertHarding: .@RepJohnKatko recognized by business travel group for work on TSA issues https://t.co/PDlgicBgiL #NY24
730437064311898112,2016-05-11 16:39:01,,4,0,TweetDeck,"RT @EDCoalition: ""There isn't a person that hasn't been directly or indirectly affected by mental illness."" -@RepJohnKatko https://t.co/MdH…"
730431261047672832,2016-05-11 16:15:58,,7,0,TweetDeck,RT @MentalHealthAm: We're on the Hill to discuss #ChildrensMentalHealth with @gracenapolitano @RepJohnKatko @Chirlane &amp; other advocates! ht…
730416055475163137,2016-05-11 15:15:32,,5,8,TweetDeck,"We're taking action in the House to combat the devastating rise in heroin &amp; opioid abuse --
https://t.co/rpK6f6LuYF"
730189437565554688,2016-05-11 00:15:02,,2,0,Twitter for iPhone,RT @MarkWeinerDC: House passes @RepJohnKatko's bill making it easier to sanction drug kingpins https://t.co/dp0QqTUhCC #DrugKingpins
730058918504894465,2016-05-10 15:36:24,,1,0,TweetDeck,RT @RobertHarding: Westhill junior wins @RepJohnKatko's Congressional Art Competition https://t.co/TiE1PoQy7h #NY24
729746179991453696,2016-05-09 18:53:41,,6,0,TweetDeck,RT @RepStefanik: Wrote in @syracusedotcom w/ @RepJohnKatko on heroin and opioid crisis that House is working on this week --&gt; https://t.co/…
727850517087522817,2016-05-04 13:21:00,,5,5,Twitter for iPhone,"Great to celebrate successes of @GAngelSoc students, mentors &amp; teachers this morning! https://t.co/5XIHQA5l9S"
725109036631334912,2016-04-26 23:47:20,,13,0,Twitter for iPhone,RT @SteveScalise: .@RepJohnKatko's bill to increase security at international airports (that connect to the US) just passed the House. http…
724976064569708547,2016-04-26 14:58:57,,1,0,TweetDeck,RT @RobertHarding: The House is scheduled to vote today on an aviation security bill introduced by @RepJohnKatko.
723499670568349696,2016-04-22 13:12:18,,3,0,TweetDeck,RT @The_Citizen: .@RepJohnKatko seeks to combat heroin epidemic with bill targeting drug kingpins https://t.co/g86YZvsHyp (by @roberthardin…
722841189934833664,2016-04-20 17:35:44,,4,9,TweetDeck,Incredible news for #CNY and especially for #Auburn that Harriet Tubman will be featured on the $20 -- https://t.co/oRlxLnJlEv
722840187420688384,2016-04-20 17:31:45,,3,0,TweetDeck,"RT @AndrewDonovan: From @RepJohnKatko on new $20 bill: ""tremendous news for Central New York &amp; especially for Auburn –a place that Harriet…"
722814826381189120,2016-04-20 15:50:58,,2,0,TweetDeck,"RT @HouseJudiciary: Statement from @RepTomMarino @PedroPierluisi @RepJohnKatko @RepKathleenRice @RepGoodlatte 

https://t.co/Pu4hqenFKj  ht…"
722800291746344960,2016-04-20 14:53:13,,6,16,TweetDeck,Supporting @SUNY! #CNY is the proud home of @sunyesf @UpstateNews @sunyoswego @OnondagaCC @CayugaCC  #NY24 https://t.co/QGXsxnLiAt
722481734156214272,2016-04-19 17:47:23,,2,0,TweetDeck,RT @HouseHomeland: LIVE: Hearing on Pipelines: Securing the Veins of the American Economy. @RepJohnKatko to chair. https://t.co/0xYCV0OLF8
722098044884410368,2016-04-18 16:22:44,,1,1,TweetDeck,Check out today's op-ed on my bipartisan proposal to provide tax relief for #CNY families -- https://t.co/vkTHXZcpk2
720303030311059456,2016-04-13 17:29:59,,1,0,TweetDeck,RT @RobertHarding: .@RepJohnKatko to AG: Approve agreement to establish Harriet Tubman park in Auburn https://t.co/hxPcyOvJES
719897714482356224,2016-04-12 14:39:24,,1,8,TweetDeck,"Congratulations to #NY24 District Office intern Kayla, who was awarded @NDSS  #ChampionofChange award! https://t.co/pI2aFpLka2"
718092655771705344,2016-04-07 15:06:45,,1,6,Twitter for iPhone,Visited @ywcasyracuse women's residence &amp; @GirlsIncSyrYWCA. They do great work to empower women &amp; eliminate racism. https://t.co/MrsMYjDBFJ
718064070470066176,2016-04-07 13:13:10,,3,7,Twitter for iPhone,Enjoyed visiting @_cityofauburn Police &amp; Fire dpts. Thanks for your dedication to keeping our community safe #NY24 https://t.co/zeI77n0CIY
717737071759257600,2016-04-06 15:33:47,,2,0,TweetDeck,"RT @RobertHarding: .@RepJohnKatko: Transfer of two Guantanamo Bay detainees puts U.S., world at risk https://t.co/lsdNMyvhL6 #NY24"
717371967435894784,2016-04-05 15:22:59,,4,5,Twitter for iPhone,Hosting student loan r'tble w students+admin from @LeMoyne @sunyesf @wellscollege @CayugaCC @sunyoswego @OnondagaCC https://t.co/4MMYn4Ku6H
717333482142302208,2016-04-05 12:50:04,,2,0,TweetDeck,RT @WRVOnews: .@SenGillibrand and @RepJohnKatko are pushing more guidelines when prescribing #opioids for acute pain. https://t.co/feNGz5jL…
717126142902329344,2016-04-04 23:06:10,,0,4,Twitter for iPhone,Tremendous community turnout here in Fulton tonight at our town hall event on combating heroin &amp; synthetic drug use https://t.co/dFXL6RK9x7
717066827332001793,2016-04-04 19:10:28,,1,0,TweetDeck,RT @CrouseHospital: Our Monika Taylor joins @SenGillibrand &amp; @RepJohnKatko to talk about proposed guidelines for acute care pain. https://t…
717007280391208960,2016-04-04 15:13:51,,1,0,TweetDeck,Don't forget - join us tonight for town hall focused on heroin &amp; syntheic drugs @cnyartscenter in #Oswego -- https://t.co/E0N0WrrOnN
716975960642469888,2016-04-04 13:09:24,,3,0,TweetDeck,RT @FarahJadran: Great to see @RepJohnKatko raising #OvarianCancerAwareness w/@Hope4Heather; meeting one &amp; only Jada from @HumaneCNY! https…
715956239373639680,2016-04-01 17:37:23,,3,6,TweetDeck,"Enjoyed visiting with @AuburnECSD students, teachers &amp; admins today! https://t.co/Dpvj9PzXH7"
715889306838167552,2016-04-01 13:11:25,,2,5,TweetDeck,Proud to join @mcmahonryancac at #goblue4kids breakfast to kick off Child Abuse Prevention Month. #endchildabuse https://t.co/Hgvy3DarML
715552090639216642,2016-03-31 14:51:27,,1,4,Twitter for iPhone,Great to visit w students &amp; teachers at @NSyracuseCSD Early Ed at Main St this am! https://t.co/FUVSlK1r68
715273991368359936,2016-03-30 20:26:23,,4,9,Twitter for iPhone,Back at my alma mater @SUCollegeofLaw talking w students abt @HouseHomeland efforts to combat foreign fighter travel https://t.co/AfiCNrSnnV
715194222840819712,2016-03-30 15:09:25,,1,8,TweetDeck,Really enjoyed delivering Meals on Wheels to folks across #CNY! https://t.co/8PhuwpZAJd
714096236488499200,2016-03-27 14:26:24,,0,13,TweetDeck,Robin and I wish you and your family a happy and blessed Easter! https://t.co/9Eq0eiCneB
713119293500686338,2016-03-24 21:44:23,,2,0,Twitter for iPhone,RT @MarkWeinerDC: .@RepJohnKatko: Seizure of 70 pounds of cocaine at LAX exposes failure of Congress to curb insider threat | https://t.co/…
712997947135410176,2016-03-24 13:42:12,,5,3,TweetDeck,Following #BrusselsAttacks my bipartisan bill to improve security on US-bound flights advances @HouseHomeland -- https://t.co/8dGoviYl95
712674103044530176,2016-03-23 16:15:21,,5,0,TweetDeck,RT @HouseHomeland: Committee members markup bills to protect &amp; secure the homeland following #BrusselsAttacks. https://t.co/sQuMhkNvlU http…
712650275501314048,2016-03-23 14:40:40,,1,0,TweetDeck,RT @The_Citizen: .@RepJohnKatko invites central NY students to enter Congressional Art Competition https://t.co/amNxV4M0gX #NY24
712625367782187008,2016-03-23 13:01:42,,6,0,TweetDeck,RT @HouseHomeland: Markup: @RepJohnKatko's bill requires @TSA to conduct a risk assessment of all overseas airports where passengers can fl…
712622331047358465,2016-03-23 12:49:38,,3,0,TweetDeck,RT @WRVOnews: .@RepJohnKatko says yesterday's attacks in Brussels exposed security flaws at airports worldwide. https://t.co/FnJkRyk0F9
712289039106310145,2016-03-22 14:45:15,,3,6,TweetDeck,Today we stand with #Brussels &amp; remain committed to countering violent extremism in fight against global terrorism https://t.co/E505p2TyWE
710177350168608769,2016-03-16 18:54:09,,1,0,Twitter for iPhone,RT @MarkWeinerDC: .@RepJohnKatko introduces House bill to secure foreign airports | https://t.co/1E4h4PP3io #HomeleandSecurity #TSA
710177290093600768,2016-03-16 18:53:55,,1,0,Twitter for iPhone,RT @cspanwj: ICYMI: @RepJohnKatko (R-NY) on the Opioid Epidemic https://t.co/x93wNIeXql https://t.co/wRdrdAJpNb
709760765658537986,2016-03-15 15:18:47,,4,16,Twitter for iPhone,Thanks @norasflowerpwrs for sharing your story and for your bravery. Proud to be an #AdvocateForArthritis https://t.co/BOGD1Eu0dI
708717889856139264,2016-03-12 18:14:46,,2,8,Twitter for iPhone,Happy Parade Day! #SyracuseStPatricksParade https://t.co/bYQIMeaaFR
708706558990028801,2016-03-12 17:29:45,,1,0,Twitter for iPhone,RT @AndrewDonovan: It's good to have an Irish congressman. @RepJohnKatko! #SyracuseStPatricksParade https://t.co/BzF1ucd0ub
708348794073698305,2016-03-11 17:48:07,,1,0,TweetDeck,"Hosted symposium @OnondagaCC  w @HouseHomeland to help #CNY biz, law enforcement protect against cyber attacks -- https://t.co/ONZgJqRI83"
708341309371768832,2016-03-11 17:18:23,,2,0,Twitter for iPhone,RT @RepSinema: Introduced a bill with @RepJohnKatko to help Arizona families financially prepare for parenthood. More here: https://t.co/kR…
707597683545006080,2016-03-09 16:03:28,,1,1,TweetDeck,Proud to introduce bipartisan bill w @RepSinema to provide tax relief for #CNY families https://t.co/dvmSnWw79E https://t.co/bThiGM0L7k
707569487189565440,2016-03-09 14:11:26,,4,0,TweetDeck,RT @RobertHarding: 'Heroin is an epidemic': @RepJohnKatko hears from Auburn-area parents on drug's impact https://t.co/eUGiSOmaNH https://t…
707360066320601088,2016-03-09 00:19:16,,3,0,Twitter for iPhone,RT @RobertHarding: Powerful stories being shared at @RepJohnKatko's town hall meeting on the local heroin epidemic. #NY24
707355398668423168,2016-03-09 00:00:43,,4,3,Twitter for iPhone,Standing room only tonight at @CayugaCC for our important discussion on tackling the heroin epidemic. https://t.co/Bu5BvluVBd
706189661740376064,2016-03-05 18:48:30,,3,2,Twitter for iPhone,Congrats to all #CNY runners who participated in today's #TippHillRun! https://t.co/xlaiCJpzlc
705819205766148096,2016-03-04 18:16:26,,6,17,Twitter for iPhone,Proud to #StandWithVeraHouse at today's White Ribbon campaign kickoff @VeraHouseInc #NoExcuseforAbuse https://t.co/GFX2ROdBfz
705440791460769792,2016-03-03 17:12:45,,1,5,TweetDeck,Spoke on the floor to support @VeraHouseInc White Ribbon Campaign #StandWithVeraHouse https://t.co/WBUwylgTPk https://t.co/acPxYizItZ
705043596249075712,2016-03-02 14:54:27,,1,0,TweetDeck,"RT @HouseHomeland: At 10AM ET, @RepJohnKatko to hold hearing on the strategic priorities of @TSA in FY 2017. https://t.co/Dp1hQYjAm1 https:…"
704723050126827520,2016-03-01 17:40:42,,4,0,TweetDeck,RT @Hope4Heather: @RepJohnKatko @OCRFA great day of advocacy for #ovariancancer reaearch in DC!  Thank you! https://t.co/Q7rJUUYwZp
704392261480665091,2016-02-29 19:46:16,,1,0,TweetDeck,RT @RobertHarding: .@RepJohnKatko to hold heroin town hall meeting in Auburn March 8 https://t.co/W5fPdWyAAN #NY24
704322455062577152,2016-02-29 15:08:53,,4,5,TweetDeck,Check out today's op-ed w @RepStefanik on our bipartisan efforts to combat heroin epidemic in Central &amp; Northern NY -https://t.co/Kid0JmrLZ1
704017694933327872,2016-02-28 18:57:53,,6,5,Twitter for iPhone,Honored to be Green Beer Delivery Day Grand Marshal! Robin and I are enjoying today w our friend Peter Coleman. https://t.co/oIYVGubPVB
702990226583584768,2016-02-25 22:55:05,,6,0,TweetDeck,"RT @MarkWeinerDC: .@RepJohnKatko wants Congress to help dogs seized in fighting, gambling raids | https://t.co/l6URVi3drO #NY24"
702985284925984769,2016-02-25 22:35:27,,6,0,TweetDeck,"RT @RepTimMurphy: TuneIn @CSPAN 2 hear me @RepChrisGibson @RepJohnKatko @repblumenauer @RepJimMcDermott 
@RepMarcyKaptur @RepMcSally talk #…"
702895998960541700,2016-02-25 16:40:39,,3,0,TweetDeck,RT @RobertHarding: .@RepJohnKatko: President Obama's plan to close Guantanamo Bay prison 'irresponsible' https://t.co/00JUDJmYWv #NY24
702883550857715712,2016-02-25 15:51:12,,0,1,TweetDeck,Great to talk with Big Mike &amp; Cindy this morning on @SunnySyracuse -- listen at https://t.co/nxxgVSeFsq
702281644389048320,2016-02-23 23:59:26,,4,0,Twitter for iPhone,RT @MarkWeinerDC: House passes @RepJohnKatko's bill to combat terrorist travel (video) | https://t.co/JJO7xnrra2 #NY24 #ForeignFighters
702207006380269569,2016-02-23 19:02:51,,1,0,TweetDeck,RT @RobertHarding: House now in session. The chamber is voting on two of @RepJohnKatko's bills today. #NY24
701850200902651904,2016-02-22 19:25:02,,2,5,Twitter for iPhone,Tremendous community turnout in Auburn this morning @HoopesPark for the Heroin Epidemic Action League Rally https://t.co/F92GwYfhJD
701079521856983040,2016-02-20 16:22:38,,0,3,Twitter for iPhone,Checking in with Phil Van Horne on @WSYRNews @BlueRockEnergy Hour -- we're talking renewable energy &amp; nuclear power https://t.co/fsBpFO8kpp
700712872654061568,2016-02-19 16:05:42,,1,1,Twitter for iPhone,At @steigerwaldmts to celebrate the success of this small biz &amp; to support @SBAgov program to help grow #CNY biz https://t.co/JgHjrTIknF
698520908336623616,2016-02-13 14:55:37,,32,81,Twitter for iPhone,Got to hang out with this adorable little guy at @ASPCA #paws4love adoption event yesterday! https://t.co/E6iA86IJan
698508585609789441,2016-02-13 14:06:39,,12,0,TweetDeck,RT @ASPCA: Thank you @RepJohnKatko &amp; @RepJudyChu for stopping by #paws4love today! https://t.co/DMBFY4MLRY
698194769927917568,2016-02-12 17:19:39,,5,6,TweetDeck,Joined @RepRichardHanna to announce wins for #CNY in #AIRRact passed out of @Transport -https://t.co/xfLxJxkEfe https://t.co/BgDNFmaq7u
697122538376314882,2016-02-09 18:18:59,,1,0,Twitter Web Client,"RT @RobertHarding: Rep. John Katko gets top marks in national education group's annual report card: In one organization's view, U... https:…"
697088226046124032,2016-02-09 16:02:39,,2,4,TweetDeck,Joined @SenGillibrand @FeldmeierEquipm in support of bipartisan legislation to grow #CNY manufacturing jobs watch -- https://t.co/VoL1X2Zj38
696023408124030976,2016-02-06 17:31:26,,6,23,TweetDeck,"This wk, I delivered @HouseGOP Weekly Address - focusing on @HouseHomeland efforts to keep America safe -- watch https://t.co/RSg3hFBlca"
695671058867888128,2016-02-05 18:11:20,,13,0,TweetDeck,RT @SpeakerRyan: Look forward to having @RepJohnKatko deliver the Weekly Republican Address on our efforts to keep Americans safe. https://…
692797563595022336,2016-01-28 19:53:05,,0,4,TweetDeck,Honored to award Purple Heart to family of WWI vet John D. Smith of #Auburn today  https://t.co/KRGbHjfAqY https://t.co/4qTUiZvaZ8
690664084988104704,2016-01-22 22:35:24,,0,3,Twitter for iPhone,Met today w gifted students @TalentAgencySyr - proud to display their artwork in #NY24 #Syracuse office! https://t.co/uX7iedjnOC
690591318326824961,2016-01-22 17:46:15,,3,0,Twitter Web Client,RT @OneRedCrossCNY: Thank you @RepJohnKatko and @FoxSyracuse for supporting our Home Fire Preparedness Campaign https://t.co/yVQw0ifOkT
690348333601312769,2016-01-22 01:40:43,,11,24,Twitter for iPhone,Incredible turnout tonight @WestGeneseeCSD heroin summit. Crucial first step in curbing #CNY heroin epidemic https://t.co/G0ibzBACvI
689797591442259968,2016-01-20 13:12:16,,2,0,Twitter for iPhone,RT @RobertHarding: .@RepJohnKatko poses for a photo with Auburn firefighters. The group played a pickup hockey game at Casey Park. https://…
687121233289326592,2016-01-13 03:57:22,,0,4,Twitter for iPhone,Checking in with @TWCNewsCNY @mikescotto post #SOTU. https://t.co/UQppayFlOf
687117974524833792,2016-01-13 03:44:25,,1,0,Twitter for iPhone,RT @CapitalTonight: .@RepJohnKatko LIVE with us now https://t.co/phDfVDNoTZ
687108909765640192,2016-01-13 03:08:24,,4,0,Twitter for iPhone,RT @AndrewDonovan: Syracuse represent in Washington. @RepJohnKatko getting some network exposure during State of the Union. #SOTU https://t…
687086137299591168,2016-01-13 01:37:55,,5,11,TweetDeck,Joined my fellow #Upstate NY members of Congress for a bipartisan photo ahead of the President's final #SOTU #NY24 https://t.co/1bvPhGJ9Qh
685515176997732352,2016-01-08 17:35:29,,3,0,Twitter Web Client,RT @UpstateNews: .@RepJohnKatko gave a floor speech honoring #Upstate's Dr. Eastwood today in Washington. https://t.co/4jE2uyYRDt
685514995556311040,2016-01-08 17:34:45,,0,1,TweetDeck,Honored to recognize #SUNY Upstate @UpstateNews retiring president Dr. Eastwood #CNY https://t.co/09MFTmBp0k https://t.co/LvKxy7eZ6s
685287657786732545,2016-01-08 02:31:24,,8,0,Twitter for iPhone,"RT @HouseHomeland: The Zeldin-Katko bill ""is an important step in keeping terrorists &amp; foreign fighters from slipping across borders."" http…"
685179394567061504,2016-01-07 19:21:12,,1,0,TweetDeck,RT @HouseHomeland: LIVE: @RepJohnKatko chairs hearing to examine if @TSA has adhered to TSARA requirements signed into law last year. https…
682647937210560512,2015-12-31 19:42:05,,1,0,Twitter for iPhone,RT @RobertHarding: .@RepJohnKatko comments on the thwarted ISIS-inspired plot in Rochester https://t.co/3DvZ9YbrG6
681628047926267905,2015-12-29 00:09:25,,19,0,Twitter for iPhone,RT @kimguilfoyle: TSA is ramping up screenings for airport workers - @RepJohnKatko joins us #greta @greta @FoxNews
676866953387122688,2015-12-15 20:50:31,,2,0,TweetDeck,RT @TomMagnarelli: New bill would speed up synthetic drug bans and distributor prosecutions @RepJohnKatko https://t.co/T1R2kY3Ps2 https://t…
675370578908454912,2015-12-11 17:44:28,,2,0,TweetDeck,RT @MarkWeinerDC: .@RepJohnKatko says Congress will probe terror watch list after San Bernardino massacre https://t.co/ml26rk1G49 #TSA #Hom…
674991340757884929,2015-12-10 16:37:31,,14,0,TweetDeck,RT @CenterStateCEO: Our region wins $500 m #REDC #UpstateRevitalization #URI
674982345234059264,2015-12-10 16:01:46,,2,0,TweetDeck,"RT @MarkWeinerDC: .@RepJohnKatko wants national park at Fort Ontario, Safe Haven in Oswego https://t.co/eZWyGLp2l9"
674593115378982913,2015-12-09 14:15:06,,2,0,Twitter for iPhone,RT @RobertHarding: House passes visa waiver reforms with recommendations from @RepJohnKatko's task force https://t.co/e8ypPDqS3S
674227255569195008,2015-12-08 14:01:18,,7,0,TweetDeck,"RT @HouseHomeland: At 1PM ET, @RepJohnKatko to hold hearing on last point of departure airports. Watch LIVE:  https://t.co/m9bebJs20s https…"
672877230553473024,2015-12-04 20:36:47,,1,1,TweetDeck,"#FastAct is good for #CNY transpo, biz, labor. Ovewhemling local support for long-term bill https://t.co/ZjXOKMAQ8z https://t.co/iJ8JQginNJ"
672795675881512960,2015-12-04 15:12:43,,6,0,Twitter for iPhone,RT @RobertHarding: .@RepJohnKatko surrounded by central NY leaders outlining the highway bill's benefits for the region. https://t.co/tUg6W…
672442028341481472,2015-12-03 15:47:27,,3,0,TweetDeck,RT @RobertHarding: .@RepJohnKatko honors longtime Wayne County official in House floor speech https://t.co/YG5Qxy1vaa
671739698423926784,2015-12-01 17:16:39,,1,4,TweetDeck,Happy to announce that #Centro funding is safe #CNY -- https://t.co/fkJQh3MZsu
669942274831343616,2015-11-26 18:14:19,,1,11,Twitter for iPhone,#HappyThanksgiving from my family to yours! https://t.co/3O5gBJavT1
668861308968767488,2015-11-23 18:38:57,,4,0,TweetDeck,RT @RobertHarding: My column from Sunday: @RepJohnKatko says heroin epidemic 'one of the biggest issues' in central New York https://t.co/a…
668827943540535296,2015-11-23 16:26:22,,5,0,TweetDeck,"RT @TrishIntel: .@RepJohnKatko to @Trish_Regan on whether the U.S. needs stricter border patrol, even with friendly nations. | https://t.co…"
667805982148333569,2015-11-20 20:45:28,,3,5,TweetDeck,Talked with @wolfblitzer on @HouseHomeland efforts to improve national security following attacks in Paris -- https://t.co/l95dOEbisY
667059727491342337,2015-11-18 19:20:07,,3,3,TweetDeck,Advocated today in  @Transport highway bill conference mtg to restore funding for #centro --https://t.co/0MGpwN5LLp  #CNY #NY24
666695079680188416,2015-11-17 19:11:08,,4,0,TweetDeck,RT @HouseHomeland: LIVE: Subcommittee Chairman @RepJohnKatko holds hearing on @TSA's Screening Partnership Program. Tune in. https://t.co/H…
665558501947777024,2015-11-14 15:54:47,,2,0,Twitter for iPhone,RT @RobertHarding: Flashback: I talked to @RepJohnKatko in late September about combating terrorism and foreign fighter travel https://t.co…
665551940059865088,2015-11-14 15:28:42,,3,1,TweetDeck,Praying for the people of Paris as we mourn the victims of these horrific terrorist attacks. Read my full statement- https://t.co/UrOYeul3AN
664859258597597184,2015-11-12 17:36:14,,1,0,Twitter for iPhone,"RT @thesleepykat: .@RepJohnKatko: ""Victims of sexual assault should not feel discouraged to report a crime; they should be encouraged."""
664858938437935104,2015-11-12 17:34:58,,2,0,Twitter for iPhone,"RT @MollySmithNews: .@RepJohnKatko says that not only SU football will beat Clemson, but that we'll beat sexual assault too #ItsOnUsSU http…"
664857779925032960,2015-11-12 17:30:21,,1,0,Twitter for iPhone,RT @GKilpatrick: @RepJohnKatko speaking now. #ItsOnUsSU rally. #enoughisenough bipartisan support to end campus sexual assault.
664846252861956096,2015-11-12 16:44:33,,6,5,Twitter for iPhone,I'm at @SyracuseU to focus on ending campus sexual assault -- and I just took the #ItsOnUsSU pledge -- https://t.co/7XYv5q1mVf
664825345531621376,2015-11-12 15:21:28,,0,0,TweetDeck,A great privilege to present #CNY WWII Veteran Don Fida with a 7th Infantry Division Flag at @ClearPath4Vets https://t.co/u2ThWumQS0
664209719066759168,2015-11-10 22:35:12,,0,2,TweetDeck,Proud to deliver a #VeteransDay message honoring our #CNY Veterans community -- https://t.co/ZL0fXmkqkw
664092418002673664,2015-11-10 14:49:05,,1,0,TweetDeck,"Talked w @Rene_MarshCNN  @jaketapper re: @HouseHomeland bills to improve aviation security, employee vetting  -&gt; https://t.co/aLf2XNbcbv"
663787964296798208,2015-11-09 18:39:17,,5,0,Twitter for iPhone,"RT @HouseHomeland: Two pieces of bipartisan legislation to better vet, screen aviation workers are awaiting the Senate. Urge Senate to ACT …"
663406777128591364,2015-11-08 17:24:35,,9,7,TweetDeck,"A beautifully written farewell piece by @seankirst @PostStandard  -- you'll be sorely missed, my friend. https://t.co/zrbewN02YO"
663041309532364805,2015-11-07 17:12:21,,1,2,Twitter for iPhone,Great to see so many #CNY vets this am &amp; thank them for their service at Vets expo &amp; parade! #NY24 https://t.co/7nRv1E1Dig
661654312687398912,2015-11-03 21:20:55,,4,3,TweetDeck,I spoke on the floor of the House this afternoon in support of a long-term highway bill -- watch https://t.co/nJd7QsGgNb #STRR
661577983644327936,2015-11-03 16:17:37,,0,3,TweetDeck,It's #ElectionDay! Get out and exercise your right to vote.  Find your polling place --&gt; https://t.co/PNS1sRWlwT https://t.co/r0Kt34OgkV
659498531816869889,2015-10-28 22:34:37,,3,3,TweetDeck,Tonight the House passed bipartisan legislation I intro'd to secure our vast Northern Border --&gt; https://t.co/EouP3U7rrp
659351099514748928,2015-10-28 12:48:46,,3,0,TweetDeck,"RT @HouseHomeland: How safe are our airports? @RepJohnKatko examined this &amp; more at our Syracuse, NY field hearing. 

Watch: https://t.co/5…"
659002761095323648,2015-10-27 13:44:36,,1,0,TweetDeck,"RT @RobertHarding: .@RepJohnKatko quizzes aviation officials on airport security, automated exit lanes at Syracuse hearing https://t.co/5qF…"
658659434336514048,2015-10-26 15:00:21,,2,4,Twitter for iPhone,Holding a @HouseHomeland TS subcmte field hearing in #syracuse to examine security at airports nationwide https://t.co/rZdX55S1h8
657662333926420481,2015-10-23 20:58:13,,2,0,TweetDeck,"RT @HouseHomeland: Monday at 10:30AM ET, @RepJohnKatko to chair hearing in Syracuse, NY on our Nation's airport security. Tune in. https://…"
657557386350194689,2015-10-23 14:01:12,,4,3,TweetDeck,This morning I honored the life of beloved #CNY journalist Bill Carey on the floor of the House. Watch -&gt; https://t.co/urXTdDx152  #CareyOn
657297020445700096,2015-10-22 20:46:36,,12,0,TweetDeck,"RT @RepRyanCostello: Joined @RepMimiWalters, @RepCurbelo, @RepComstock &amp; @RepJohnKatko after the @Transport mark-up of the highway bill. ht…"
657203370936111104,2015-10-22 14:34:28,,4,5,TweetDeck,Marking up a long-term highway bill in @Transport Cmte today #STRR https://t.co/6W0KDQxQSZ
656948135059701760,2015-10-21 21:40:15,,5,1,TweetDeck,#NDAA is critical to Upstate and Central New York -- @POTUS #SignTheBill @RepChrisGibson @RepStefanik https://t.co/LVXyvDkIUk
656575342627282944,2015-10-20 20:58:54,,1,0,TweetDeck,RT @MichaelBenny: .@RepJohnKatko announces Feds won't put halfway house near #Syracuse Boys &amp; Girls club on Tipperary Hill.
652569207763288068,2015-10-09 19:39:57,,3,4,Twitter Web Client,Chk out my video highlighting work done on @HouseHomeland to bridge gaps in security at our nation's airports -- http://t.co/sVPQhFkBQe
652550610269663233,2015-10-09 18:26:03,,1,2,TweetDeck,Congress must continue to govern despite DC uncertainty -- read  more re: legislation to avoid govt shutdown http://t.co/keppxnqdNo
652199717301043200,2015-10-08 19:11:44,,2,0,TweetDeck,RT @HouseHomeland: Live: @RepJohnKatko leads hearing assessing a path forward for @TSA. Admin Neffenger &amp; @DHSOIG Roth to testify. http://t…
652115304894603264,2015-10-08 13:36:19,,1,0,TweetDeck,RT @RobertHarding: .@RepJohnKatko will be leading a subcommittee hearing at 2 p.m. today on the state of TSA and the path forward. #NY24 #C…
651533554606866432,2015-10-06 23:04:38,,5,1,Twitter for iPhone,Tonight the House passed bipartisan legislation that I intro'd with @KathleenRice to streamline employee access at airports nationwide.
651165399845744640,2015-10-05 22:41:44,,14,4,TweetDeck,"Over 1k community members, FitzPatrick employees &amp; families at rally to #SaveFitzPatrick http://t.co/NKA9CNPb7Q http://t.co/6zXNR9ZuRK"
651080154870120448,2015-10-05 17:03:00,,1,0,TweetDeck,"RT @RobertHarding: My column: Five questions with @RepJohnKatko on combating terrorism, foreign fighter travel http://t.co/QSkGdoNlSr"
650015077743988736,2015-10-02 18:30:45,,2,0,TweetDeck,RT @syracusedotcom: .@RepJohnKatko's 2nd bill to reform TSA signed into law by President Obama http://t.co/iiSOps3hRW
649222966300024832,2015-09-30 14:03:11,,3,0,Twitter for iPhone,RT @HouseHomeland: Thank you Task Force for all your hard work! @RepJohnKatko @RepLoudermilk @RepRatcliffe @HurdOnTheHill @RepMcSally http:…
647468484771860480,2015-09-25 17:51:30,,4,0,TweetDeck,RT @MarkWeinerDC: President Obama signs John Katko's airport security bill into law | http://t.co/qDs4jG3zMx  #TSA #NY24 #airportsecurity
646089352699756544,2015-09-21 22:31:20,,5,0,TweetDeck,RT @TWCGR_NY: Great to have @RepJohnKatko join us today to tour @syracuseITC as part of @CSPANCities visit. @cspanDebbie http://t.co/jB65Ni…
646023926888464384,2015-09-21 18:11:21,,16,16,TweetDeck,#SaveFitzPatrick nuclear energy plant -- http://t.co/aQbmu20yiU
644855358406688768,2015-09-18 12:47:52,,17,0,Twitter Web Client,RT @SpeakerBoehner: Signed @RepJohnKatko's bill that will help make our airports safer: http://t.co/aFWDu1ZbfN http://t.co/BDfuPCLVnw
644604296869335041,2015-09-17 20:10:15,,5,0,TweetDeck,RT @HouseHomeland: .@RepJohnKatko is no stranger to traveling via @Amtrak. Last week he met Sgt. Smith &amp; K9 Jake on a train! http://t.co/Sg…
644213834341855232,2015-09-16 18:18:41,,16,0,TweetDeck,"RT @Hallowrun: @RepJohnKatko come on out for the student-organized Hallowrun for Hunger! Over 42,000 meals and counting!!"
644179062173401088,2015-09-16 16:00:31,,3,5,TweetDeck,This morning I announced legislation to help Agent Orange victims &amp; their families -- http://t.co/AaR6Ltppmg http://t.co/dYo2rIbPpf
643803608455229440,2015-09-15 15:08:36,,2,4,TweetDeck,Focusing on poverty in Syr today w stops at @TheSamCenter @MOWSyracuse Catholic Charities &amp; Lutheran Church Pantry http://t.co/WGwp6ZU2dT
642021838814584832,2015-09-10 17:08:29,,3,4,TweetDeck,Honored to join @gracenapolitano to recognize today as World Suicide Prevention Day.  Watch live now at http://t.co/yfl4tYOm3D
638446153986670592,2015-08-31 20:19:59,,2,0,TweetDeck,RT @CNYOpinion: &gt;@RepJohnKatko: Nation must invest more in cures (Commentary) | http://t.co/dvAow6lW6w http://t.co/JNRj92jziz
636639097671565312,2015-08-26 20:39:23,,0,3,Twitter for iPhone,Great discussion at our business roundtable in Oswego County today! #NY24 @GOFCC http://t.co/bYX1FIVGMA
636109033129275392,2015-08-25 09:33:06,,4,0,Twitter for iPhone,RT @LisaSpitzNews: Having breakfast with @RepJohnKatko this morning live on NBC3. What questions do you have for him? #politics? http://t.c…
626543396698648577,2015-07-30 00:02:41,,4,2,Twitter for iPhone,Today I introduced legislation in honor of  Mary Jo Lawyer Spano to create a national mesothelioma patient registry --http://t.co/jbXpE8Lcj5
619564201535766528,2015-07-10 17:49:51,,3,5,TweetDeck,Proud to support the House passage of #Cures2015. Check out my floor remarks --&gt; http://t.co/Yj6enLeb4p http://t.co/6KKS9Oy5uG
619165468755132416,2015-07-09 15:25:25,,4,4,TweetDeck,If you're on #Instagram follow me for updates from around #NY24 and my work in Congress! https://t.co/nw8gCJScKr
619141202206560257,2015-07-09 13:49:00,,4,1,TweetDeck,Check out my recent op-ed with @RepKathleenRice --'Keep the Pressure on Iran' http://t.co/BegEEbUhBy
617349477574291456,2015-07-04 15:09:19,,4,11,Twitter Web Client,Happy #IndependenceDay! Thank you to the brave men &amp; women of our armed services who protect our freedom &amp; democracy. http://t.co/EzFP8mNVI4
615665343948787712,2015-06-29 23:37:11,,4,5,Twitter for iPhone,Great community conversation tonight at our #NY24 heroin summit in Oswego County. http://t.co/PT9fFoFEdG
610819852610179073,2015-06-16 14:42:56,,2,1,TweetDeck,Tune in to watch my @HouseHomeland Transportation Security Subcmte hearing on improving TSA vetting procedures at http://t.co/Xm0wyTzQDz
609101638683496449,2015-06-11 20:55:21,,3,3,TweetDeck,I'll be on with @BrentAxeMedia at 5:05 p.m. to talk about bipartisan legislation to reform the NCAA
606157394540916736,2015-06-03 17:55:59,,3,1,TweetDeck,Watch my questioning from today's @HouseHomeland hearing on terrorism going viral --  http://t.co/06cGDWt2da
605781151433650178,2015-06-02 17:00:56,,2,5,TweetDeck,"Introduced bipartisan legislation today with @RepCummings to feature #HarrietTubman on U.S. Currency, more @ http://t.co/4wB2wU2RI8"
603305606422757376,2015-05-26 21:04:00,,2,3,Twitter for iPhone,Enjoyed touring #NY24 schools today! Read more at https://t.co/aviGxfB6SB http://t.co/iw9hHI1lxy
601467007716888576,2015-05-21 19:18:04,,4,7,TweetDeck,I spoke on the floor of the House today to honor longtime @WSYRNews host Joe Galuski -- watch my remarks at http://t.co/fsb6wRbO1z
598875797231947776,2015-05-14 15:41:31,,2,1,TweetDeck,Happy to facilitate a meeting earlier this week with Wayne lawmakers and key stakeholders on Plan2014 - read more http://t.co/Bw99APEJ3v
596354020073177090,2015-05-07 16:40:52,,5,4,TweetDeck,Check out the video I recorded on our recent stop in Istanbul as part of our Delegation visit to the Middle East -- http://t.co/HGscUmOsCR
595663546752565248,2015-05-05 18:57:11,,7,5,TweetDeck,Meeting with our strong ally and friend @IsraeliPM Netanyahu in Israel today as part of our Delegation visit. https://t.co/477KONjoAA
593842966302711808,2015-04-30 18:22:50,,8,3,Twitter Web Client,Kicking off @HouseHomeland TranspoSecurity subcmte hearing on Security Measures at our Nation's Airports - live at http://t.co/z58dno0hlw
592713067345092608,2015-04-27 15:33:01,"{u'type': u'Point', u'coordinates': [-76.13232338, 43.03711539]}",10,7,Twitter for iPhone,Speaking at @SyracuseU @MaxwellSU on Current Trends in Forensic&amp;National Security Sciences. Great student questions! http://t.co/JHgARH8PsA
591614006571487234,2015-04-24 14:45:45,"{u'type': u'Point', u'coordinates': [-76.15690613, 43.04399109]}",4,4,Twitter for iPhone,Catching up with local media in my Syracuse district office on my first 100 days in Congress #NY24 http://t.co/V96Aaw06Oq
591339120057851904,2015-04-23 20:33:27,,3,3,TweetDeck,"House passed #cybersecurity legislation today, with a pro-privacy amendment that I introduced http://t.co/8bImOVPom2 http://t.co/uqpvv7HhfI"
589107744151625728,2015-04-17 16:46:45,,4,4,TweetDeck,Proud to share some accomplishments from the first 100 days in office! #NY24 http://t.co/nKaNH2ajW9
588412467686014976,2015-04-15 18:43:59,"{u'type': u'Point', u'coordinates': [-76.15273793, 43.04565539]}",4,1,Twitter for iPhone,Proud to receive @NDSS champion of change award! Great to see my friend and NDSS advocate Kayla in DC today. http://t.co/MvRnHu5TdY
587623586036322305,2015-04-13 14:29:15,"{u'type': u'Point', u'coordinates': [-76.15114926, 43.04657739]}",2,3,Twitter for iPhone,Great conversation with Pastor Daren Jamie this morning. Thanks for stopping  by my Syracuse @dcjaime23! http://t.co/M9cXqdIVOz
584050834394189825,2015-04-03 17:52:24,,5,3,TweetDeck,Check out this week's e-newsletter: http://t.co/pj2UA0JDgO -- and sign up to receive it weekly at https://t.co/m4DdG1BGmK
582913795363905536,2015-03-31 14:34:13,,4,0,Twitter for iPhone,RT @LtGovHochulNY: Here at @syracuseu with @RepJohnKatko before hearing Sec of Defense Ashton Carter deliver remarks http://t.co/xx1GdPYAt4
582626921600679937,2015-03-30 19:34:17,,5,0,Twitter for iPhone,RT @RobertHarding: .@RepJohnKatko: Plan 2014 could damage Wayne County shoreline http://t.co/wZ0AtPNzWl #NY24 #CNY
582302065558450176,2015-03-29 22:03:25,,5,9,Twitter for iPhone,Dropped 1st puck for CNY Flyers championship sled hockey game in Skan today. Congrats to the inspirational athletes! http://t.co/Mom94CNQt6
580898439782903809,2015-03-26 01:05:55,,6,8,Twitter for iPhone,Lawmakers with the 3-2 victory in tonight's @HockeyCHC! http://t.co/4XE2uKXgu8
580848722688499712,2015-03-25 21:48:21,,1,0,TweetDeck,RT @MarkWeinerDC: .@RepJohnKatko says TSA needs to close security loopholes with Pre-Check program | http://t.co/xCC4JWw88J http://t.co/T8A…
580731992389632000,2015-03-25 14:04:31,,1,2,Twitter for iPhone,"I'll chair a 2pm @HouseHomeland Transp. Security hearing on TSA Precheck program, watch at http://t.co/y8zRRddcO9 http://t.co/yjiTYIL6zH"
578690269295566848,2015-03-19 22:51:26,,6,5,Twitter for iPhone,Joining @RepStefanik @RepRichardHanna @RepChrisGibson tonight to pledge our joint support for Fort Drum. http://t.co/05nQPaQDs9
578608019564539904,2015-03-19 17:24:36,,2,8,Twitter Web Client,Proud to speak in support of @VeraHouseInc White Ribbon Campaign on the House floor this morning http://t.co/BgTuT4YAEi #StandWithVeraHouse
577879389540585473,2015-03-17 17:09:17,,11,0,Twitter Web Client,RT @HockeyCHC: IT'S ALIVE! NHL Auction of signed Toews/Kane/Crosbey/Ovechkin gear benefitting next wk's game: http://t.co/81LvMemyMj
577870387427434496,2015-03-17 16:33:31,,2,5,Twitter Web Client,Happy #StPatricksDay! Sláinte! http://t.co/2Pmf8kUhN0
577575296502751232,2015-03-16 21:00:56,,6,0,TweetDeck,RT @RobertHarding: .@RepJohnKatko to play in Congressional Hockey Challenge http://t.co/UDmgviCMQX
576810569627480064,2015-03-14 18:22:11,,5,12,Twitter for iPhone,"Happy Parade Day, Syracuse! #StPatricksDayParadeSYR http://t.co/JlJWeAEwI1"
576382416966836224,2015-03-13 14:00:51,,7,7,Twitter for iPhone,Painting the green stripe on Salina Street in Syracuse to kick off this weekend's St. Patrick's Day festivities! http://t.co/f5odS5kKC6
575789622061588480,2015-03-11 22:45:18,"{u'type': u'Point', u'coordinates': [-76.51142052, 43.45542283]}",6,5,Twitter for iPhone,My listening session on economic development is underway in Oswego County #NY24 http://t.co/a9MCt78CdC
575383495620587522,2015-03-10 19:51:30,,6,5,Twitter for iPhone,Visiting Fort Drum this afternoon with @RepRichardHanna &amp; @RepStefanik to highlight this critical upstate NY base. http://t.co/ewFcHMXsov
575296909998428160,2015-03-10 14:07:26,"{u'type': u'Point', u'coordinates': [-76.10340041, 43.10063409]}",8,5,Twitter for iPhone,Visiting the 174th this morning in Syracuse w @RepRichardHanna and @RepStefanik. Headed to Fort Drum this afternoon. http://t.co/HiIzbvgJ1z
575066262415491073,2015-03-09 22:50:55,"{u'type': u'Point', u'coordinates': [-77.03143372, 43.06576718]}",5,8,Twitter for iPhone,Kicking off my third listening session on assisting our veterans in Wayne County. #NY24 http://t.co/J2COy7RfbR
572520914316865536,2015-03-02 22:16:37,,5,10,Twitter for iPhone,"Today @SenGillibrand &amp; I hosted roundtable on sexual assault at @SyracuseU w survivors, law enforcmt &amp; local colleges http://t.co/gODka80duJ"
570605487466659840,2015-02-25 15:25:24,"{u'type': u'Point', u'coordinates': [-76.15107838, 43.04625432]}",6,9,Twitter for iPhone,"Proud to announce I'll be leading a bipartisan Task Force to combat terrorist, foreign fighter threat @HouseHomeland http://t.co/UpYOk4i2nL"
569977827921141760,2015-02-23 21:51:18,,4,0,Twitter for iPhone,"RT @CrouseHospital: Great having @RepJohnKatko in the hospital today, which included a tour of our Level 4 #NICU. http://t.co/67ziroQE0F"
569910177954172928,2015-02-23 17:22:29,,5,0,Twitter for iPhone,"RT @UpstateNews: @RepJohnKatko on campus today meeting with Upstate employees, students. Thanks for your visit and support.#syracuse http:/…"
568785642802577408,2015-02-20 14:53:59,"{u'type': u'Point', u'coordinates': [-76.06449861, 43.05612173]}",3,5,Twitter for iPhone,Catching up with @NewsChannel9 Dan Cummings on my district work week. Our conversation will air Sunday on Newsmakers! http://t.co/5CY09AZCiB
568561207491358720,2015-02-20 00:02:09,,3,0,Twitter for iPhone,RT @CrouseHospital: @RepJohnKatko Town Hall meeting underway. #HeroinEpidemic prevalent in suburbs and country...not just inner city. http:…
567841932778553344,2015-02-18 00:24:01,"{u'type': u'Point', u'coordinates': [-76.56517881, 42.93096327]}",7,4,Twitter for iPhone,Great panel discussion tonight on strengthening agriculture in Cayuga. Thanks to host @MayorQuill and all panelists! http://t.co/7r4YpqzIpx
567830712293933056,2015-02-17 23:39:26,,4,0,Twitter for iPhone,RT @RobertHarding: .@RepJohnKatko and @MayorQuill getting tonight's agriculture listening discussion started. #NY24 #CNY http://t.co/RAL3Yu…
567772836870500353,2015-02-17 19:49:27,,3,0,Twitter for iPhone,RT @_cityofauburn: Mayor Quill welcomes @RepJohnKatko to City Hall tonight at 6:30pm for his first public listening session on Agriculture …
567741258165399552,2015-02-17 17:43:58,,3,0,Twitter for iPhone,RT @CNYcentral: RT @BrandonRothCNY: U.S. Congressman John Katko (NY-24) outlines priorities for inaugural term in  Washington. http://t.co/…
565964883427356672,2015-02-12 20:05:17,,4,0,TweetDeck,"RT @CrouseHospital: Looking forward to participating in @RepJohnKatko public forum on growing #heroin epidemic in #CNY 2/19, 6:30 pm DeWitt…"
565556960834375683,2015-02-11 17:04:21,,5,0,Twitter for iPhone,"RT @The_Citizen: House approves bipartisan airport security, TSA reform bills sponsored by @RepJohnKatko http://t.co/1tXuOZEx99 (by @robert…"
564879272687722497,2015-02-09 20:11:28,,5,0,Twitter for iPhone,RT @AlexDunbarNews: .@RepJohnKatko and Syracuse Police recognize two sergeants who saved a shooting victim's life in January. http://t.co/s…
564507310438244353,2015-02-08 19:33:25,"{u'type': u'Point', u'coordinates': [-76.18678117, 43.02984198]}",7,3,Twitter for iPhone,Congrats to Howlett Hill Fire Dpt in Town of Onondaga on being ranked within the top 1.5% of fire dpts nationwide! http://t.co/g2WtM1gehT
564148795332915202,2015-02-07 19:48:48,"{u'type': u'Point', u'coordinates': [-76.18677612, 43.0299979]}",6,11,Twitter for iPhone,Great start to the Special Olympics Winter Games last night. Good luck to all athletes this weekend! @SONYinfo http://t.co/oJGtYPoiVQ
563811915202572289,2015-02-06 21:30:10,"{u'type': u'Point', u'coordinates': [-76.56641924, 42.93193192]}",6,3,Twitter for iPhone,Sitting down with @RobertHarding @The_Citizen to discuss this past week in Washington and my full day today in Cayuga http://t.co/Kod5uGP2EP
563765320088055808,2015-02-06 18:25:01,"{u'type': u'Point', u'coordinates': [-76.5664047, 42.93190696]}",3,5,Twitter for iPhone,Enjoyed a great lunch at Downtown Deli in Auburn today!  #NY24 http://t.co/9zSdJEGehv
563451220678180864,2015-02-05 21:36:54,,5,0,Twitter for iPhone,RT @HouseHomeland: Subcmte Chrmn @RepJohnKatko intros bills to enhance airport security; ensure #TSA uses taxpayer dollars efficiently http…
563418199094747137,2015-02-05 19:25:41,,3,0,Twitter for iPhone,"RT @RobertHarding: .@RepJohnKatko sponsors two bills to boost airport security, increase TSA accountability http://t.co/bu8JWB9vV5 #NY24 #C…"
562720616667955200,2015-02-03 21:13:44,"{u'type': u'Point', u'coordinates': [-76.1511282, 43.04619763]}",5,2,Twitter for iPhone,Starting off our second @HouseHomeland panel on airport access controls -- watch live at http://t.co/qyYkq7Ng6G http://t.co/R5fRktACuW
562699229840551936,2015-02-03 19:48:45,,4,0,Twitter for iPhone,RT @HouseHomeland: What good is all of this screening at the front door if we aren't paying enough attention to the backdoor? @RepJohnKatko…
562689767180369920,2015-02-03 19:11:09,"{u'type': u'Point', u'coordinates': [-76.15106789, 43.0461709]}",6,1,Twitter for iPhone,Watch my 1st @HouseHomeland subcmte hearing on airport access controls live at http://t.co/qyYkq7Ng6G http://t.co/Es2wQQNgOU
562338864904564737,2015-02-02 19:56:47,,4,0,Twitter for iPhone,"RT @HouseHomeland: Tmrw @ 2pm ET - @RepJohnKatko to hold hearing on airport access controls. #TSA, #DHS &amp; GM of ATL Airport to testify: htt…"
562288145937731585,2015-02-02 16:35:15,"{u'type': u'Point', u'coordinates': [-76.14911372, 43.04507293]}",4,7,Twitter for iPhone,"Small, innovative biz are the backbone of CNY's economy. Proud to be part of @thetechgarden 2 launch today #StartUNY http://t.co/rkQEZojdTs"
562267844109697025,2015-02-02 15:14:35,,3,0,Twitter for iPhone,RT @thetechgarden: @RepJohnKatko believes in the vision and mission of @CenterStateCEO. Startups and small business are vital for the futur…
560523534439837696,2015-01-28 19:43:19,,12,0,Twitter for iPhone,"RT @NFIB: Thank you NY freshmen @RepJohnKatko, @RepLeeZeldin &amp; @RepStefanik for meeting with #smallbiz community today! http://t.co/8TswVmM…"
560466128146018304,2015-01-28 15:55:12,,2,1,TweetDeck,Proud to co-sponsor and support legislation to combat human trafficking #EndTrafficking  http://t.co/nMhFMvlMol http://t.co/t5MdSY05Wn
560170152118214658,2015-01-27 20:19:06,"{u'type': u'Point', u'coordinates': [-76.15133164, 43.04612743]}",4,5,Twitter for iPhone,I've been appointed to three Transportation &amp; Infrastructure subcommittees @Transport @MarkWeinerDC http://t.co/QoM80lcsE5 #NY24
559802217793073152,2015-01-26 19:57:04,"{u'type': u'Point', u'coordinates': [-76.15111901, 43.04618935]}",27,60,Twitter for iPhone,"Congratulations to West Genesee High School senior, Shawn Picciott on his appointment to the U.S. Naval Academy! http://t.co/M3yjYdUax8"
559014909057724416,2015-01-24 15:48:34,,5,0,Twitter for iPhone,RT @RobertHarding: .@RepJohnKatko speaking after the ceremonial swearing-in. #NY24 http://t.co/HSHOpSLoXf
558312073323905024,2015-01-22 17:15:45,,9,0,Twitter for iPhone,RT @MarkWeinerDC: U.S. Rep. John Katko targets northern border security in his first bill in Congress | http://t.co/i6poAF5c4V #NY24 #Homel…
558105909202006018,2015-01-22 03:36:32,,3,2,Twitter for iPhone,Just wrapped up a late night @HouseHomeland working on a markup of #SecureOurBorders First Act http://t.co/vogOMda49v
558084850151096320,2015-01-22 02:12:51,,3,2,Twitter for iPhone,Working late into the night @HouseHomeland conducting our first markup on #SecureOurBorders First Act. http://t.co/LbwB42VvjQ
558043565646184449,2015-01-21 23:28:48,,7,0,Twitter for iPhone,RT @HouseGOP: Making his chalkboard debut today was @RepJohnKatko. Thanks for stopping by! http://t.co/7nCgdF72Nu
557754044044021762,2015-01-21 04:18:21,,5,4,Twitter for iPhone,Recapping #SOTU with @MattMulcahy @CNYcentral @MichaelBenny http://t.co/y6nWWZvAbO
557721241319378944,2015-01-21 02:08:00,,8,6,Twitter for iPhone,Committed to working across the aisle this congress - wearing my @NoLabelsOrg #FixNotFight pin tonight for #SOTU http://t.co/uCYj7UsC31
557698464587710466,2015-01-21 00:37:30,,19,0,Twitter for iPhone,"RT @louiseslaughter: Great to join my #upstate colleagues, both GOP &amp; DEM to chat before the #SOTU. Bipartisanship is alive in #NY! http://…"
557687502224773120,2015-01-20 23:53:56,,6,6,Twitter for iPhone,Standing in the Capitol Rotunda with my #SOTU guest Corporal Jeff Cleland #NY24 http://t.co/lB7bxVNHAe
557644356266774528,2015-01-20 21:02:29,,3,4,Twitter for iPhone,Sitting down with @MattMulcahy @CNYcentral to talk about my first few weeks in Congress and priorities for CNY #NY24 http://t.co/c4921ZubwO
557218017864859648,2015-01-19 16:48:22,,4,1,Twitter for iPhone,Honored to celebrate the life and legacy of Dr. Martin Luther King Jr.  last night at @SyracuseU. #MLKDay http://t.co/NWN7F39AWr
557167963791687680,2015-01-19 13:29:28,,1,0,Twitter for iPhone,I'll be on with @JoeWAUB @FLNewsRadio at 8:38 to discuss the start of the new Congress #NY24
556875681154736128,2015-01-18 18:08:03,,8,5,Twitter for iPhone,Honored to have CNY native &amp; Iraq War veteran Jeff Cleland as my guest for the State of the Union this week -- http://t.co/Q2QSNtbvo5
555845915765116930,2015-01-15 21:56:08,,4,0,Twitter for iPhone,Proud to join @NoLabelsOrg @RobertHarding : .@RepJohnKatko joins bipartisan @NoLabelsOrg 'problem solvers' group http://t.co/2Gx2RiyKwx
554722824649457664,2015-01-12 19:33:22,,16,0,Twitter for iPhone,RT @Transport: Welcoming the 114th New #GOP Members of T&amp;I: @ToddRokita @RepRobWoodall @RepJohnKatko @RepBrianBabin @RepHardy @RepRyanCoste…
554696961136525312,2015-01-12 17:50:35,,6,6,Twitter for iPhone,Our district office is up and running in Syracuse! #NY24 http://t.co/31VyzwRfTt
